Automated commit: Mon Jan 20 00:35:23 UTC 2025
Automated commit: Tue Jan 21 00:34:01 UTC 2025
Automated commit: Wed Jan 22 00:34:50 UTC 2025
Automated commit: Thu Jan 23 00:34:29 UTC 2025
Automated commit: Fri Jan 24 00:34:24 UTC 2025
Automated commit: Sat Jan 25 00:33:24 UTC 2025
Automated commit: Sun Jan 26 00:35:10 UTC 2025
Automated commit: Mon Jan 27 00:35:38 UTC 2025
Automated commit: Tue Jan 28 00:34:38 UTC 2025
Automated commit: Wed Jan 29 00:34:33 UTC 2025
Automated commit: Thu Jan 30 00:33:43 UTC 2025
Automated commit: Fri Jan 31 00:34:23 UTC 2025
Automated commit: Sat Feb  1 00:37:12 UTC 2025
Automated commit: Sun Feb  2 00:36:56 UTC 2025
Automated commit: Mon Feb  3 00:35:44 UTC 2025
Automated commit: Tue Feb  4 00:34:34 UTC 2025
Automated commit: Wed Feb  5 00:34:53 UTC 2025
Automated commit: Thu Feb  6 00:35:06 UTC 2025
Automated commit: Fri Feb  7 00:35:02 UTC 2025
Automated commit: Sat Feb  8 00:33:56 UTC 2025
Automated commit: Sun Feb  9 00:37:35 UTC 2025
Automated commit: Mon Feb 10 00:36:18 UTC 2025
Automated commit: Tue Feb 11 00:34:56 UTC 2025
Automated commit: Wed Feb 12 00:34:48 UTC 2025
Automated commit: Thu Feb 13 00:35:10 UTC 2025
Automated commit: Fri Feb 14 00:35:01 UTC 2025
Automated commit: Sat Feb 15 00:34:25 UTC 2025
Automated commit: Sun Feb 16 00:38:28 UTC 2025
Automated commit: Mon Feb 17 00:37:19 UTC 2025
Automated commit: Tue Feb 18 00:34:47 UTC 2025
Automated commit: Wed Feb 19 00:35:11 UTC 2025
Automated commit: Thu Feb 20 00:35:32 UTC 2025
Automated commit: Fri Feb 21 00:35:38 UTC 2025
Automated commit: Sat Feb 22 00:33:58 UTC 2025
Automated commit: Sun Feb 23 00:38:17 UTC 2025
Automated commit: Mon Feb 24 00:37:00 UTC 2025
Automated commit: Tue Feb 25 00:36:11 UTC 2025
Automated commit: Wed Feb 26 00:35:45 UTC 2025
Automated commit: Thu Feb 27 00:35:58 UTC 2025
Automated commit: Fri Feb 28 00:36:00 UTC 2025
Automated commit: Sat Mar  1 00:39:12 UTC 2025
Automated commit: Sun Mar  2 00:38:53 UTC 2025
Automated commit: Mon Mar  3 00:37:58 UTC 2025
Automated commit: Tue Mar  4 00:36:44 UTC 2025
Automated commit: Wed Mar  5 00:36:39 UTC 2025
Automated commit: Thu Mar  6 00:36:33 UTC 2025
Automated commit: Fri Mar  7 00:36:50 UTC 2025
Automated commit: Sat Mar  8 00:28:55 UTC 2025
Automated commit: Sun Mar  9 00:32:21 UTC 2025
Automated commit: Mon Mar 10 00:31:18 UTC 2025
Automated commit: Tue Mar 11 00:36:49 UTC 2025
Automated commit: Wed Mar 12 00:36:36 UTC 2025
Automated commit: Thu Mar 13 00:37:18 UTC 2025
Automated commit: Fri Mar 14 00:36:18 UTC 2025
Automated commit: Sat Mar 15 00:36:14 UTC 2025
Automated commit: Sun Mar 16 00:40:21 UTC 2025
Automated commit: Mon Mar 17 00:38:44 UTC 2025
Automated commit: Tue Mar 18 00:36:56 UTC 2025
Automated commit: Wed Mar 19 00:37:21 UTC 2025
Automated commit: Thu Mar 20 00:36:35 UTC 2025
Automated commit: Fri Mar 21 00:37:34 UTC 2025
Automated commit: Sat Mar 22 00:36:20 UTC 2025
Automated commit: Sun Mar 23 00:40:36 UTC 2025
Automated commit: Mon Mar 24 00:39:08 UTC 2025
Automated commit: Tue Mar 25 00:38:00 UTC 2025
Automated commit: Wed Mar 26 00:37:20 UTC 2025
Automated commit: Thu Mar 27 00:37:27 UTC 2025
Automated commit: Fri Mar 28 00:37:32 UTC 2025
Automated commit: Sat Mar 29 00:37:14 UTC 2025
Automated commit: Sun Mar 30 00:41:17 UTC 2025
Automated commit: Mon Mar 31 00:40:35 UTC 2025
Automated commit: Tue Apr  1 00:43:38 UTC 2025
Automated commit: Wed Apr  2 00:38:26 UTC 2025
Automated commit: Thu Apr  3 00:37:39 UTC 2025
Automated commit: Fri Apr  4 00:37:40 UTC 2025
Automated commit: Sat Apr  5 00:37:01 UTC 2025
Automated commit: Sun Apr  6 00:41:00 UTC 2025
Automated commit: Mon Apr  7 00:39:32 UTC 2025
Automated commit: Tue Apr  8 00:37:42 UTC 2025
Automated commit: Wed Apr  9 00:38:02 UTC 2025
Automated commit: Thu Apr 10 00:37:55 UTC 2025
Automated commit: Fri Apr 11 00:38:29 UTC 2025
Automated commit: Sat Apr 12 00:37:25 UTC 2025
Automated commit: Sun Apr 13 02:05:15 UTC 2025
Automated commit: Mon Apr 14 00:41:22 UTC 2025
Automated commit: Tue Apr 15 00:39:26 UTC 2025
Automated commit: Wed Apr 16 00:39:19 UTC 2025
Automated commit: Thu Apr 17 00:38:31 UTC 2025
Automated commit: Fri Apr 18 00:38:08 UTC 2025
Automated commit: Sat Apr 19 00:36:48 UTC 2025
Automated commit: Sun Apr 20 00:42:17 UTC 2025
Automated commit: Mon Apr 21 00:41:21 UTC 2025
Automated commit: Tue Apr 22 00:38:58 UTC 2025
Automated commit: Wed Apr 23 00:38:52 UTC 2025
Automated commit: Thu Apr 24 00:38:53 UTC 2025
Automated commit: Fri Apr 25 00:39:02 UTC 2025
Automated commit: Sat Apr 26 00:37:55 UTC 2025
Automated commit: Sun Apr 27 00:42:13 UTC 2025
Automated commit: Mon Apr 28 00:41:08 UTC 2025
Automated commit: Tue Apr 29 00:39:28 UTC 2025
Automated commit: Wed Apr 30 00:39:24 UTC 2025
Automated commit: Thu May  1 00:44:20 UTC 2025
Automated commit: Fri May  2 00:39:38 UTC 2025
Automated commit: Sat May  3 00:38:41 UTC 2025
Automated commit: Sun May  4 00:44:05 UTC 2025
Automated commit: Mon May  5 00:42:29 UTC 2025
Automated commit: Tue May  6 00:40:12 UTC 2025
Automated commit: Wed May  7 00:39:59 UTC 2025
Automated commit: Thu May  8 00:40:39 UTC 2025
Automated commit: Fri May  9 00:40:03 UTC 2025
Automated commit: Sat May 10 00:38:01 UTC 2025
Automated commit: Sun May 11 00:43:09 UTC 2025
Automated commit: Mon May 12 00:42:31 UTC 2025
Automated commit: Tue May 13 00:40:28 UTC 2025
Automated commit: Wed May 14 00:40:01 UTC 2025
Automated commit: Thu May 15 00:39:17 UTC 2025
Automated commit: Fri May 16 00:40:47 UTC 2025
Automated commit: Sat May 17 00:39:26 UTC 2025
Automated commit: Sun May 18 00:43:53 UTC 2025
Automated commit: Mon May 19 00:43:02 UTC 2025
Automated commit: Tue May 20 00:41:34 UTC 2025
Automated commit: Wed May 21 00:40:51 UTC 2025
Automated commit: Thu May 22 00:40:11 UTC 2025
Automated commit: Fri May 23 00:40:33 UTC 2025
Automated commit: Sat May 24 00:38:56 UTC 2025
Automated commit: Sun May 25 00:44:56 UTC 2025
Automated commit: Mon May 26 00:42:02 UTC 2025
Automated commit: Tue May 27 00:39:56 UTC 2025
Automated commit: Wed May 28 00:40:50 UTC 2025
Automated commit: Thu May 29 00:40:46 UTC 2025
Automated commit: Fri May 30 00:40:35 UTC 2025
Automated commit: Sat May 31 00:39:18 UTC 2025
Automated commit: Sun Jun  1 00:52:11 UTC 2025
Automated commit: Mon Jun  2 00:43:28 UTC 2025
Automated commit: Tue Jun  3 00:41:55 UTC 2025
Automated commit: Wed Jun  4 00:41:40 UTC 2025
Automated commit: Thu Jun  5 00:41:07 UTC 2025
Automated commit: Fri Jun  6 00:40:51 UTC 2025
Automated commit: Sat Jun  7 00:40:44 UTC 2025
Automated commit: Sun Jun  8 00:45:50 UTC 2025
Automated commit: Mon Jun  9 00:44:06 UTC 2025
Automated commit: Tue Jun 10 00:41:23 UTC 2025
Automated commit: Wed Jun 11 00:41:26 UTC 2025
Automated commit: Thu Jun 12 00:41:21 UTC 2025
Automated commit: Fri Jun 13 00:41:41 UTC 2025
Automated commit: Sat Jun 14 00:39:54 UTC 2025
Automated commit: Sun Jun 15 00:46:37 UTC 2025
Automated commit: Mon Jun 16 00:43:36 UTC 2025
Automated commit: Tue Jun 17 00:41:23 UTC 2025
Automated commit: Wed Jun 18 00:41:37 UTC 2025
Automated commit: Thu Jun 19 00:41:51 UTC 2025
Automated commit: Fri Jun 20 00:41:33 UTC 2025
Automated commit: Sat Jun 21 00:40:55 UTC 2025
Automated commit: Sun Jun 22 00:46:26 UTC 2025
Automated commit: Mon Jun 23 00:45:02 UTC 2025
Automated commit: Tue Jun 24 00:42:12 UTC 2025
Automated commit: Wed Jun 25 00:42:27 UTC 2025
Automated commit: Thu Jun 26 00:41:52 UTC 2025
Automated commit: Fri Jun 27 00:42:30 UTC 2025
Automated commit: Sat Jun 28 00:40:20 UTC 2025
Automated commit: Sun Jun 29 00:48:02 UTC 2025
Automated commit: Mon Jun 30 00:45:14 UTC 2025
Automated commit: Tue Jul  1 00:49:06 UTC 2025
Automated commit: Wed Jul  2 00:41:54 UTC 2025
Automated commit: Thu Jul  3 00:42:11 UTC 2025
Automated commit: Fri Jul  4 00:41:28 UTC 2025
Automated commit: Sat Jul  5 00:40:04 UTC 2025
Automated commit: Sun Jul  6 00:47:01 UTC 2025
Automated commit: Mon Jul  7 00:45:45 UTC 2025
Automated commit: Tue Jul  8 00:41:56 UTC 2025
Automated commit: Wed Jul  9 00:43:04 UTC 2025
Automated commit: Thu Jul 10 00:42:30 UTC 2025
Automated commit: Fri Jul 11 00:43:07 UTC 2025
Automated commit: Sat Jul 12 00:43:45 UTC 2025
Automated commit: Sun Jul 13 00:49:16 UTC 2025
Automated commit: Mon Jul 14 00:46:14 UTC 2025
Automated commit: Tue Jul 15 00:44:43 UTC 2025
Automated commit: Wed Jul 16 00:43:38 UTC 2025
Automated commit: Thu Jul 17 00:44:12 UTC 2025
Automated commit: Fri Jul 18 00:43:21 UTC 2025
Automated commit: Sat Jul 19 00:42:53 UTC 2025
Automated commit: Sun Jul 20 00:50:20 UTC 2025
Automated commit: Mon Jul 21 00:48:16 UTC 2025
Automated commit: Tue Jul 22 00:44:28 UTC 2025
Automated commit: Wed Jul 23 00:44:26 UTC 2025
Automated commit: Thu Jul 24 00:44:13 UTC 2025
Automated commit: Fri Jul 25 00:44:15 UTC 2025
Automated commit: Sat Jul 26 00:42:40 UTC 2025
Automated commit: Sun Jul 27 00:50:25 UTC 2025
Automated commit: Mon Jul 28 00:49:17 UTC 2025
Automated commit: Tue Jul 29 00:50:45 UTC 2025
Automated commit: Wed Jul 30 00:44:56 UTC 2025
Automated commit: Thu Jul 31 00:44:51 UTC 2025
Automated commit: Fri Aug  1 00:52:30 UTC 2025
Automated commit: Sat Aug  2 00:42:41 UTC 2025
Automated commit: Sun Aug  3 00:51:30 UTC 2025
Automated commit: Mon Aug  4 00:50:46 UTC 2025
Automated commit: Tue Aug  5 00:46:15 UTC 2025
Automated commit: Wed Aug  6 00:45:11 UTC 2025
Automated commit: Thu Aug  7 00:46:06 UTC 2025
Automated commit: Fri Aug  8 00:45:13 UTC 2025
Automated commit: Sat Aug  9 00:41:22 UTC 2025
Automated commit: Sun Aug 10 00:49:54 UTC 2025
Automated commit: Mon Aug 11 00:47:10 UTC 2025
Automated commit: Tue Aug 12 00:41:52 UTC 2025
Automated commit: Wed Aug 13 00:42:33 UTC 2025
Automated commit: Thu Aug 14 00:42:12 UTC 2025
Automated commit: Fri Aug 15 00:42:54 UTC 2025
Automated commit: Sat Aug 16 00:39:48 UTC 2025
Automated commit: Sun Aug 17 00:45:59 UTC 2025
Automated commit: Mon Aug 18 00:45:53 UTC 2025
Automated commit: Tue Aug 19 00:41:05 UTC 2025
Automated commit: Wed Aug 20 00:39:02 UTC 2025
Automated commit: Thu Aug 21 00:38:33 UTC 2025
Automated commit: Fri Aug 22 00:39:31 UTC 2025
Automated commit: Sat Aug 23 00:37:44 UTC 2025
Automated commit: Sun Aug 24 00:44:32 UTC 2025
Automated commit: Mon Aug 25 00:41:41 UTC 2025
Automated commit: Tue Aug 26 00:39:48 UTC 2025
Automated commit: Wed Aug 27 00:39:07 UTC 2025
Automated commit: Thu Aug 28 00:38:45 UTC 2025
Automated commit: Fri Aug 29 00:38:39 UTC 2025
Automated commit: Sat Aug 30 00:36:39 UTC 2025
Automated commit: Sun Aug 31 00:42:12 UTC 2025
Automated commit: Mon Sep  1 00:48:31 UTC 2025
Automated commit: Tue Sep  2 00:38:58 UTC 2025
Automated commit: Wed Sep  3 00:36:38 UTC 2025
Automated commit: Thu Sep  4 00:37:02 UTC 2025
Automated commit: Fri Sep  5 00:37:57 UTC 2025
Automated commit: Sat Sep  6 00:36:14 UTC 2025
Automated commit: Sun Sep  7 00:41:51 UTC 2025
Automated commit: Mon Sep  8 00:40:42 UTC 2025
Automated commit: Tue Sep  9 00:38:20 UTC 2025
Automated commit: Wed Sep 10 00:37:30 UTC 2025
Automated commit: Thu Sep 11 00:37:59 UTC 2025
Automated commit: Fri Sep 12 00:36:51 UTC 2025
Automated commit: Sat Sep 13 00:35:01 UTC 2025
Automated commit: Sun Sep 14 00:40:43 UTC 2025
Automated commit: Mon Sep 15 00:41:08 UTC 2025
Automated commit: Tue Sep 16 00:37:13 UTC 2025
Automated commit: Wed Sep 17 00:37:32 UTC 2025
Automated commit: Thu Sep 18 00:36:45 UTC 2025
Automated commit: Fri Sep 19 00:38:27 UTC 2025
Automated commit: Sat Sep 20 00:36:12 UTC 2025
Automated commit: Sun Sep 21 00:41:48 UTC 2025
Automated commit: Mon Sep 22 00:41:47 UTC 2025
Automated commit: Tue Sep 23 00:37:52 UTC 2025
Automated commit: Wed Sep 24 00:38:25 UTC 2025
Automated commit: Thu Sep 25 00:38:26 UTC 2025
Automated commit: Fri Sep 26 00:37:58 UTC 2025
Automated commit: Sat Sep 27 00:36:38 UTC 2025
Automated commit: Sun Sep 28 00:42:47 UTC 2025
Automated commit: Mon Sep 29 00:39:35 UTC 2025
Automated commit: Tue Sep 30 00:38:33 UTC 2025
Automated commit: Wed Oct  1 00:43:41 UTC 2025
Automated commit: Thu Oct  2 00:36:33 UTC 2025
Automated commit: Fri Oct  3 00:36:54 UTC 2025
Automated commit: Sat Oct  4 00:35:10 UTC 2025
Automated commit: Sun Oct  5 00:41:58 UTC 2025
Automated commit: Mon Oct  6 00:39:10 UTC 2025
Automated commit: Tue Oct  7 00:37:45 UTC 2025
Automated commit: Wed Oct  8 00:37:27 UTC 2025
Automated commit: Thu Oct  9 00:37:53 UTC 2025
Automated commit: Fri Oct 10 00:37:44 UTC 2025
Automated commit: Sat Oct 11 00:35:25 UTC 2025
Automated commit: Sun Oct 12 00:40:12 UTC 2025
Automated commit: Mon Oct 13 00:41:23 UTC 2025
Automated commit: Tue Oct 14 00:37:36 UTC 2025
Automated commit: Wed Oct 15 00:39:36 UTC 2025
Automated commit: Thu Oct 16 00:39:01 UTC 2025
Automated commit: Fri Oct 17 00:38:29 UTC 2025
Automated commit: Sat Oct 18 00:35:49 UTC 2025
Automated commit: Sun Oct 19 00:43:44 UTC 2025
Automated commit: Mon Oct 20 00:42:26 UTC 2025
Automated commit: Tue Oct 21 00:39:40 UTC 2025
Automated commit: Wed Oct 22 00:40:52 UTC 2025
Automated commit: Thu Oct 23 00:39:15 UTC 2025
Automated commit: Fri Oct 24 00:36:19 UTC 2025
Automated commit: Sat Oct 25 00:38:20 UTC 2025
Automated commit: Sun Oct 26 00:42:21 UTC 2025
Automated commit: Mon Oct 27 00:43:37 UTC 2025
Automated commit: Tue Oct 28 00:38:30 UTC 2025
Automated commit: Wed Oct 29 00:41:40 UTC 2025
Automated commit: Thu Oct 30 00:41:20 UTC 2025
Automated commit: Fri Oct 31 00:39:50 UTC 2025
Automated commit: Sat Nov  1 00:43:10 UTC 2025
Automated commit: Sun Nov  2 00:43:24 UTC 2025
Automated commit: Mon Nov  3 00:42:50 UTC 2025
Automated commit: Tue Nov  4 00:39:51 UTC 2025
Automated commit: Wed Nov  5 00:41:51 UTC 2025
Automated commit: Thu Nov  6 00:40:33 UTC 2025
Automated commit: Fri Nov  7 00:40:44 UTC 2025
Automated commit: Sat Nov  8 00:37:37 UTC 2025
Automated commit: Sun Nov  9 00:43:23 UTC 2025
Automated commit: Mon Nov 10 00:43:01 UTC 2025
Automated commit: Tue Nov 11 00:41:31 UTC 2025
Automated commit: Wed Nov 12 00:41:19 UTC 2025
Automated commit: Thu Nov 13 00:40:43 UTC 2025
Automated commit: Fri Nov 14 00:41:05 UTC 2025
Automated commit: Sat Nov 15 00:40:02 UTC 2025
Automated commit: Sun Nov 16 00:44:19 UTC 2025
Automated commit: Mon Nov 17 00:42:37 UTC 2025
Automated commit: Tue Nov 18 00:40:52 UTC 2025
Automated commit: Wed Nov 19 00:41:08 UTC 2025
Automated commit: Thu Nov 20 00:40:10 UTC 2025
Automated commit: Fri Nov 21 00:40:41 UTC 2025
Automated commit: Sat Nov 22 00:39:18 UTC 2025
Automated commit: Sun Nov 23 00:47:43 UTC 2025
Automated commit: Mon Nov 24 00:44:19 UTC 2025
Automated commit: Tue Nov 25 00:39:51 UTC 2025
Automated commit: Wed Nov 26 00:41:10 UTC 2025
Automated commit: Thu Nov 27 00:40:34 UTC 2025
Automated commit: Fri Nov 28 00:39:55 UTC 2025
Automated commit: Sat Nov 29 00:39:49 UTC 2025
Automated commit: Sun Nov 30 00:47:20 UTC 2025
Automated commit: Mon Dec  1 00:52:39 UTC 2025
Automated commit: Tue Dec  2 00:42:34 UTC 2025
Automated commit: Wed Dec  3 00:41:55 UTC 2025
Automated commit: Thu Dec  4 00:42:21 UTC 2025
Automated commit: Fri Dec  5 00:42:27 UTC 2025
Automated commit: Sat Dec  6 00:40:09 UTC 2025
Automated commit: Sun Dec  7 00:47:12 UTC 2025
Automated commit: Mon Dec  8 00:43:08 UTC 2025
Automated commit: Tue Dec  9 00:42:16 UTC 2025
Automated commit: Wed Dec 10 00:43:18 UTC 2025
Automated commit: Thu Dec 11 00:43:48 UTC 2025
Automated commit: Fri Dec 12 00:43:13 UTC 2025
Automated commit: Sat Dec 13 00:41:12 UTC 2025
Automated commit: Sun Dec 14 00:47:49 UTC 2025
Automated commit: Mon Dec 15 00:45:56 UTC 2025
Automated commit: Tue Dec 16 00:43:53 UTC 2025
Automated commit: Wed Dec 17 00:40:51 UTC 2025
Automated commit: Thu Dec 18 00:40:09 UTC 2025
Automated commit: Fri Dec 19 00:43:36 UTC 2025
Automated commit: Sat Dec 20 00:41:10 UTC 2025
Automated commit: Sun Dec 21 00:47:35 UTC 2025
Automated commit: Mon Dec 22 00:46:41 UTC 2025
Automated commit: Tue Dec 23 00:43:20 UTC 2025
Automated commit: Wed Dec 24 00:43:20 UTC 2025
Automated commit: Thu Dec 25 00:43:13 UTC 2025
Automated commit: Fri Dec 26 00:43:30 UTC 2025
Automated commit: Sat Dec 27 00:42:30 UTC 2025
Automated commit: Sun Dec 28 00:50:58 UTC 2025
Automated commit: Mon Dec 29 00:49:35 UTC 2025
Automated commit: Tue Dec 30 00:43:57 UTC 2025
Automated commit: Wed Dec 31 00:44:29 UTC 2025
Automated commit: Thu Jan  1 00:51:40 UTC 2026
Automated commit: Fri Jan  2 00:44:54 UTC 2026
Automated commit: Sat Jan  3 00:41:52 UTC 2026
Automated commit: Sun Jan  4 00:51:23 UTC 2026
Automated commit: Mon Jan  5 00:50:27 UTC 2026
Automated commit: Tue Jan  6 00:44:44 UTC 2026
Automated commit: Wed Jan  7 00:44:45 UTC 2026
Automated commit: Thu Jan  8 00:44:27 UTC 2026
Automated commit: Fri Jan  9 00:44:49 UTC 2026
Automated commit: Sat Jan 10 00:43:56 UTC 2026
Automated commit: Sun Jan 11 00:51:09 UTC 2026
Automated commit: Mon Jan 12 00:48:18 UTC 2026
Automated commit: Tue Jan 13 00:40:52 UTC 2026
Automated commit: Wed Jan 14 00:46:22 UTC 2026
Automated commit: Thu Jan 15 00:42:42 UTC 2026
Automated commit: Fri Jan 16 00:46:04 UTC 2026
Automated commit: Sat Jan 17 00:43:12 UTC 2026
Automated commit: Sun Jan 18 00:50:41 UTC 2026
